contrast,res_name,gene_name,baseMean,log2FoldChange,lfcSE,pvalue,padj
LSvsNL,biopsy_area_back_of_knee_vs_arm,PTGS2,54.368148249543886,3.257032294759956,0.873520179352496,1.0722537378988569e-5,0.025064697018912847
LSvsNL,biopsy_area_back_of_knee_vs_arm,TREM1,67.54788551387094,4.146406039267036,1.3175510214587534,1.926763019436588e-5,0.03940952910880111
LSvsNL,biopsy_area_back_of_knee_vs_arm,BCL2A1,77.13116427573787,2.988519057862325,0.7779645143738859,8.929724252723519e-6,0.025064697018912847
LSvsNL,biopsy_area_feet_vs_arm,EVI5,807.7103128119866,-1.0179637169255553,0.29813509206226835,3.146877456058902e-5,0.01661623702966208
LSvsNL,biopsy_area_feet_vs_arm,CD1D,11.91383015872481,5.510747882111942,1.9537142599665056,6.427455391653378e-5,0.026715192184371843
LSvsNL,biopsy_area_feet_vs_arm,PFKFB2,649.8658054134249,1.4501492185320832,0.4041621399943822,1.761306273844454e-5,0.01253054546039861
LSvsNL,biopsy_area_feet_vs_arm,KCTD3,488.2323456909812,-1.2936330056807448,0.32289701979845287,4.3548173594282245e-6,0.004750525096821602
LSvsNL,biopsy_area_feet_vs_arm,THUMPD2,452.6823162713871,1.295195214260372,0.4295593740510621,9.3631509118203e-5,0.0289970287671366
LSvsNL,biopsy_area_feet_vs_arm,LINC01873,30.82487792696544,3.2633299930976376,0.861822604394255,1.4622663601715999e-5,0.011393840214994231
LSvsNL,biopsy_area_feet_vs_arm,ATF2,234.72889638344614,-1.658778248832072,0.5219551868031642,7.504405091022271e-5,0.02790785920554487
LSvsNL,biopsy_area_feet_vs_arm,DOCK10,245.89110839344497,1.591079482589664,0.5534395766563662,1.3985000031414304e-4,0.03365243463441651
LSvsNL,biopsy_area_feet_vs_arm,SSUH2,32.59529174132208,6.108804920527454,1.2407331475214427,3.5153710380369545e-9,1.917400543179956e-5
LSvsNL,biopsy_area_feet_vs_arm,IGF2BP2,160.3039128276852,-2.1561118401409436,0.7251166758054971,6.809998533460059e-5,0.026715192184371843
LSvsNL,biopsy_area_feet_vs_arm,FAM172A,432.8330342328439,-1.0643675341597394,0.38414892647047144,2.940364959443592e-4,0.049095093705485204
LSvsNL,biopsy_area_feet_vs_arm,LINC01023,77.8010825065126,-1.7772661280652875,0.5930520916940863,9.217054664635484e-5,0.0289970287671366
LSvsNL,biopsy_area_feet_vs_arm,FSTL4,327.5510877731202,1.591743301296847,0.5663671242390976,2.788579977908937e-4,0.04753076476929577
LSvsNL,biopsy_area_feet_vs_arm,PRR3,164.85497118461365,-1.631932509145943,0.527417389730199,9.075454533764423e-5,0.0289970287671366
LSvsNL,biopsy_area_feet_vs_arm,CPNE5,46.08909534795677,2.3878774085643935,0.8636787743145009,1.3779667467314968e-4,0.03365243463441651
LSvsNL,biopsy_area_feet_vs_arm,CD2AP,468.93842696140416,-1.100394071965917,0.3890039437427257,2.344757978877047e-4,0.04461311024228502
LSvsNL,biopsy_area_feet_vs_arm,ADGRF2,112.0857031686597,2.296286938780486,0.8397636887991669,2.6252935868870835e-4,0.04753076476929577
LSvsNL,biopsy_area_feet_vs_arm,STEAP1B,32.97734043980458,3.707679207159811,1.5004220209250907,1.3207403369140555e-4,0.03324811405065337
LSvsNL,biopsy_area_feet_vs_arm,GTPBP10,290.04628071197794,1.080554242352137,0.3319378243921379,7.870987601360619e-5,0.028052068607660404
LSvsNL,biopsy_area_feet_vs_arm,ZNF596,129.44528062519223,2.9397572353323556,0.6854061088810747,1.097544809138205e-6,0.002762128335817541
LSvsNL,biopsy_area_feet_vs_arm,PCAT1,172.54498484833465,1.5118432711945535,0.53080312628213,2.1694517827554644e-4,0.042260404191937696
LSvsNL,biopsy_area_feet_vs_arm,GLIDR,100.0635331406375,-1.2312401774228023,0.4261607852598711,2.0599330120122484e-4,0.041613189969822745
LSvsNL,biopsy_area_feet_vs_arm,HSPA12A,455.7537390541592,-1.4428944189396506,0.4279536570013233,2.4660048590168338e-5,0.015519706733881712
LSvsNL,biopsy_area_feet_vs_arm,PTDSS2,309.1067539843181,-1.7033534626222873,0.4936684987838934,1.9819102648607257e-5,0.013512499026631689
LSvsNL,biopsy_area_feet_vs_arm,PNPLA2,1158.5838027925213,-2.2076371705244084,0.7734093493880401,1.2289983060585725e-5,0.01058426278001917
LSvsNL,biopsy_area_feet_vs_arm,ATG2A,624.8758896591479,-1.3352405854082352,0.4390315042320436,6.701968348943096e-5,0.026715192184371843
LSvsNL,biopsy_area_feet_vs_arm,HOXC6,46.75252260591143,-2.048107812040586,0.6603626605428293,6.542398898228264e-5,0.026715192184371843
LSvsNL,biopsy_area_feet_vs_arm,HELB,71.94410574233714,2.09867149914417,0.7608762055073429,2.4291676294780707e-4,0.04516871581948826
LSvsNL,biopsy_area_feet_vs_arm,RGCC,933.7227707521675,-1.5452993292213724,0.6803007024417548,1.8267985502166872e-4,0.04094781462629541
LSvsNL,biopsy_area_feet_vs_arm,RAP2A,186.2094644531079,1.6724079226722823,0.5745912692244408,1.1635766280472293e-4,0.032184295395116094
LSvsNL,biopsy_area_feet_vs_arm,F7,18.14642161078726,6.889951898128388,1.4195141895249284,1.4904378447178955e-8,6.0970086132797306e-5
LSvsNL,biopsy_area_feet_vs_arm,ITPRIPL2,381.4386973057193,-1.5370238238391514,0.5618557435427864,1.976505546059142e-4,0.041549119098534766
LSvsNL,biopsy_area_feet_vs_arm,NR1D1,676.1151281540558,2.010873225792076,0.7198007994768124,1.0986417982551759e-4,0.031538729376928844
LSvsNL,biopsy_area_feet_vs_arm,RBFA,448.3340775567648,-1.0506191480263658,0.3312599431112866,8.382374279883585e-5,0.028290579700399103
LSvsNL,biopsy_area_feet_vs_arm,MBD3,430.24168687527265,-1.448673661327479,0.4863401688257579,1.0588223317254399e-4,0.030938410382184593
LSvsNL,biopsy_area_feet_vs_arm,CACTIN,132.34712814608963,-1.5368503429263318,0.5355950680297744,1.3140191932832358e-4,0.03324811405065337
LSvsNL,biopsy_area_feet_vs_arm,ZNF430,997.0746915366605,1.1170548758223369,0.271906402171883,2.8845627045529784e-6,0.0036307768872769525
LSvsNL,biopsy_area_feet_vs_arm,LRP3,86.6193169464848,-2.2461341568275603,0.7487523373913703,6.857165994888575e-5,0.026715192184371843
LSvsNL,biopsy_area_feet_vs_arm,GRIK1,65.46128223082287,-1.9144180374494417,0.7322101023361324,2.7813229536207583e-4,0.04753076476929577
LSvsNL,biopsy_area_feet_vs_arm,S100B,630.4786386126409,-1.7799301563285623,0.6700286049655725,1.1998056707829137e-4,0.032184295395116094
LSvsNL,biopsy_area_feet_vs_arm,WWC3,757.9056487203446,-1.1450606823495706,0.32917203931855066,2.8039185020770284e-5,0.016385899446245147
LSvsNL,biopsy_area_feet_vs_arm,MAP7D2,69.46374301980067,2.566176550611273,0.8168580209386574,1.5842354723919088e-4,0.03703263576392686
LSvsNL,biopsy_area_feet_vs_arm,ZNF674,63.033749541870556,-2.8742450457494204,0.7072467960003171,3.402599684902248e-6,0.00397690990314682
LSvsNL,biopsy_area_feet_vs_arm,ATG4A,400.3684474909901,-1.3559306371911173,0.49931789851063996,2.0313692647331061e-4,0.041549119098534766
LSvsNL,biopsy_area_feet_vs_arm,TMEM185A,858.2432253607249,-1.1171044169960396,0.28275976525845675,4.651254393536008e-6,0.004756779727589357
LSvsNL,biopsy_area_leg_vs_arm,MT1XP1,19.037303481670516,1.4237616871439278,0.6470622345110957,2.675232226162905e-5,0.023039381535107168
LSvsNL,biopsy_area_leg_vs_arm,C1orf50,34.03734955154387,1.9844253122309228,0.6285440766153755,1.2767051266939247e-6,0.00696357532936423
LSvsNL,biopsy_area_leg_vs_arm,MMACHC,165.35929129015636,-1.1347461385013953,0.3627991213018162,1.2805584269739455e-4,0.04312112343442592
LSvsNL,biopsy_area_leg_vs_arm,KIF21B,23.885661414977662,1.8158583351216764,1.2123375758248622,1.2566956712810676e-4,0.04312112343442592
LSvsNL,biopsy_area_leg_vs_arm,LINC01341,18.95039226089214,1.399398334632395,1.1726941452839432,1.0959660033328372e-4,0.04312112343442592
LSvsNL,biopsy_area_leg_vs_arm,AGBL5-IT1,15.28924311895387,1.3924668397724609,0.5976035795842488,1.5847416155805486e-4,0.0453623630346107
LSvsNL,biopsy_area_leg_vs_arm,COL3A1,13086.209770835043,-1.1254100042329758,0.571306100624226,1.803074043757646e-4,0.049172834296677265
LSvsNL,biopsy_area_leg_vs_arm,RARB,39.685503662500494,-1.8357203776444893,0.6162506035584516,7.566624196846945e-5,0.034392408814724044
LSvsNL,biopsy_area_leg_vs_arm,LINC02615,146.04685897292842,1.360243080989562,0.35292348385865063,3.2660675746410217e-6,0.008253889546048254
LSvsNL,biopsy_area_leg_vs_arm,CHSY3,13.172722225014049,2.507419596047377,1.2745554426727894,3.078690038227741e-5,0.02447160325984775
LSvsNL,biopsy_area_leg_vs_arm,LY86,82.19057183730996,-1.5550109681458335,0.49828340761038387,5.00381592340956e-5,0.027292479984916875
LSvsNL,biopsy_area_leg_vs_arm,SERPINE1,148.07072814632116,-2.218411613526725,0.6179071345192289,3.8095429529268604e-6,0.008253889546048254
LSvsNL,biopsy_area_leg_vs_arm,FAM66D,81.83499930106592,1.5455137564292896,0.6517494052743561,4.7315861419333e-5,0.026697566910501583
LSvsNL,biopsy_area_leg_vs_arm,LMX1B,44.125395330907075,-2.068018715762413,0.5144851673652894,8.721240093697922e-6,0.011892137637764925
LSvsNL,biopsy_area_leg_vs_arm,GFI1B,7.689819881255746,3.1716417219337734,1.029829978945438,1.1536583476850852e-6,0.00696357532936423
LSvsNL,biopsy_area_leg_vs_arm,TSSC2,15.44006996385625,-2.474445963390053,0.7422287439338762,6.0096924791394046e-5,0.030730186886299398
LSvsNL,biopsy_area_leg_vs_arm,PROCA1,41.91452714727864,1.4923271002855107,0.6587062423303837,7.108419542367285e-5,0.03358112926933831
LSvsNL,biopsy_area_leg_vs_arm,COL1A1,21828.432878716754,-1.2642684443767502,0.6324819529718743,1.446064038884132e-4,0.04381841827455751
LSvsNL,biopsy_area_leg_vs_arm,CD226,29.176606319150622,-2.323646543445904,0.6814272072690405,4.540205463741486e-7,0.00696357532936423
LSvsNL,biopsy_area_leg_vs_arm,CYP4F11,55.911534888948,-2.0529571977991035,0.7425425161587215,1.242095833439377e-4,0.04312112343442592
LSvsNL,biopsy_area_leg_vs_arm,LIPE,92.38292903553449,1.9411472696912855,0.9501525093016518,9.960854423596554e-6,0.012537650841023878
LSvsNL,biopsy_area_leg_vs_arm,CKAP2LP1,40.24638863964162,2.762763498962422,0.7841802065414218,1.8295268489960868e-6,0.007484136957530742
LSvsNL,biopsy_area_leg_vs_arm,NEURL2,20.744319030446924,1.387703606426487,0.5664949194832984,4.614295024823759e-5,0.026697566910501583
LSvsNL,biopsy_area_wrist_vs_arm,CSMD2,21.232654950612567,3.090416494056451,0.9905600231500392,1.6324398776767368e-4,0.02618785658669063
LSvsNL,biopsy_area_wrist_vs_arm,ZMYM6,209.85511082373986,-1.7609165604562351,0.6012918416197581,4.845633613675534e-5,0.011660162179495993
LSvsNL,biopsy_area_wrist_vs_arm,BMP8B,27.564914969747022,3.0676706781392498,0.7897545905922316,1.1177701794797627e-5,0.004156834874278945
LSvsNL,biopsy_area_wrist_vs_arm,ZZZ3,532.5680752392261,-1.0172960928406165,0.3471576696806304,9.817175598922762e-5,0.019123624324425374
LSvsNL,biopsy_area_wrist_vs_arm,SAMD13,17.706040374599535,3.2113196701103393,0.8737381131137156,2.487644518962109e-5,0.007827947550726343
LSvsNL,biopsy_area_wrist_vs_arm,EXTL2,243.36133134677698,1.9238245931089948,0.5114338150019856,1.3765097608625761e-5,0.004695743629595996
LSvsNL,biopsy_area_wrist_vs_arm,GATAD2B,308.49268406614806,-1.0964921541161192,0.449462452542957,3.451576686395816e-4,0.04264176030410313
LSvsNL,biopsy_area_wrist_vs_arm,TLR5,184.3470345804084,2.398299072939876,0.7549399942351963,1.2780114993675076e-4,0.02201273912015845
LSvsNL,biopsy_area_wrist_vs_arm,LYG2,109.96273212160351,4.145972857240355,0.9045596562329449,5.880213537401466e-7,4.009080588020841e-4
LSvsNL,biopsy_area_wrist_vs_arm,KIAA2012,15.521176133714302,3.889883180859348,0.9874577605770659,8.873794642342548e-6,0.0036509224526271393
LSvsNL,biopsy_area_wrist_vs_arm,MDH1B,35.89075761011328,2.8034239000542227,1.0170558431123202,3.453839136850962e-4,0.04264176030410313
LSvsNL,biopsy_area_wrist_vs_arm,FBXO36,239.8778219066112,-1.7488626567769616,0.544827964641768,2.4097230664867347e-5,0.007731431085671066
LSvsNL,biopsy_area_wrist_vs_arm,GPR171,33.682434146033934,3.1814614053212593,1.0386266812958531,2.3653116252809325e-4,0.033365167348682674
LSvsNL,biopsy_area_wrist_vs_arm,ZNF721,334.5719333113692,-1.0410887566652307,0.335736551414892,5.7867734813079145e-5,0.012459075588768607
LSvsNL,biopsy_area_wrist_vs_arm,ZNF827,403.1630162855144,1.273604329671255,0.3796387111272338,5.507052610596047e-5,0.012177284036105827
LSvsNL,biopsy_area_wrist_vs_arm,USP45,252.97604353735568,-1.3678414392515081,0.4512992960670929,5.090292643024615e-5,0.012071370799682866
LSvsNL,biopsy_area_wrist_vs_arm,AP4M1,534.3168214845402,1.0050181771620699,0.37513986532744004,4.404484925985969e-4,0.04869524533004286
LSvsNL,biopsy_area_wrist_vs_arm,XPO7,649.451877299714,-1.5556426996846457,0.39016167135621116,1.4002926531226797e-6,8.738117429406873e-4
LSvsNL,biopsy_area_wrist_vs_arm,DENND3,199.01998970629168,-2.3599897228518745,0.6342200844009551,2.734855217649748e-6,0.001443562449238801
LSvsNL,biopsy_area_wrist_vs_arm,TSNARE1,209.32477085990314,-1.5136808695488642,0.6305467693460852,2.5388596300494724e-4,0.03433335547644588
LSvsNL,biopsy_area_wrist_vs_arm,SPAG8,27.630194794399447,2.582289242296951,0.8769477234769019,2.4531082407221075e-4,0.03365165142791493
LSvsNL,biopsy_area_wrist_vs_arm,CNTNAP3,311.102037918447,-1.646403302680607,0.7292878056091066,3.099120818987589e-4,0.03992985351267238
LSvsNL,biopsy_area_wrist_vs_arm,"NANOGP5",25.41367548777806,3.0517729459569485,0.8626192688344415,3.958214973515567e-5,0.010346677387148
LSvsNL,biopsy_area_wrist_vs_arm,NFKB2,175.96421451336107,-1.7277683369703287,0.77193378200687,3.290781310521543e-4,0.0417419027783442
LSvsNL,biopsy_area_wrist_vs_arm,GVINP1,24.912995553349106,3.7397169477553036,1.0675599706812722,5.2426571021970094e-5,0.012121552529155583
LSvsNL,biopsy_area_wrist_vs_arm,SERGEF,363.20788501015807,1.4416574873951327,0.35411458467894413,3.61851401269449e-6,0.0018503045246787482
LSvsNL,biopsy_area_wrist_vs_arm,CHRDL2,10.570657753259685,5.537690331836104,1.2708671842367414,2.6678002503658013e-6,0.001443562449238801
LSvsNL,biopsy_area_wrist_vs_arm,GPRC5D,86.51458773875856,3.557748475130179,1.2618848086608376,3.051783076114567e-4,0.03978952373511063
LSvsNL,biopsy_area_wrist_vs_arm,UNC79,7.784603425590337,2.2755771734613432,0.8170327829100483,4.0379592658412695e-4,0.04649153526337299
LSvsNL,biopsy_area_wrist_vs_arm,SAXO2,43.707993369437965,2.1056810208724004,0.6890143067161016,1.5627266909516144e-4,0.026092751881674762
LSvsNL,biopsy_area_wrist_vs_arm,ZNF200,190.07189799753633,1.7848499296314428,0.6296302605478027,3.357043540365949e-4,0.04225484880846771
LSvsNL,biopsy_area_wrist_vs_arm,SMG6,319.0015704275728,-1.3305833781675558,0.5383428731026847,2.3928580045091594e-4,0.033465244040840496
LSvsNL,biopsy_area_wrist_vs_arm,ARRB2,179.8047228052228,-1.7169571331474747,0.5709342831546598,5.2653507033126895e-5,0.012121552529155583
LSvsNL,biopsy_area_wrist_vs_arm,USP6,26.146647841458396,2.6710446972687505,0.7574267395057817,3.983625712829701e-5,0.010346677387148
LSvsNL,biopsy_area_wrist_vs_arm,ZNF286A,362.92123783765584,1.0404591261678322,0.3470757582797139,1.7914208609856242e-4,0.028315454779452052
LSvsNL,biopsy_area_wrist_vs_arm,KRT39,45.80494615647675,4.7841761642034735,1.258225182878771,1.717988712824543e-5,0.005737030471009795
LSvsNL,biopsy_area_wrist_vs_arm,KRT40,48.44346194731965,4.126867644286617,1.4802141999231038,3.141444126007519e-4,0.04015894549520393
LSvsNL,biopsy_area_wrist_vs_arm,KRT31,1789.7764853297062,3.2920806177546287,0.9664482925092656,5.3778930850829474e-5,0.012121552529155583
LSvsNL,biopsy_area_wrist_vs_arm,C17orf58,277.3188672483104,1.3750653349920792,0.4388941551668839,1.1970685978781527e-4,0.02106197146997872
LSvsNL,biopsy_area_wrist_vs_arm,ZNF532,274.9213010564161,1.2261731617732472,0.4327587339168016,2.9291578565660145e-4,0.038967325208934714
LSvsNL,biopsy_area_wrist_vs_arm,ZNF491,24.84877980037683,3.4788014292156797,1.0540306645994029,1.0040547565535118e-4,0.019328644684100133
LSvsNL,biopsy_area_wrist_vs_arm,ZNF440,579.367201757059,-1.1756622887095394,0.4147136434472053,1.1317758015330641e-4,0.020319569852191157
LSvsNL,biopsy_area_wrist_vs_arm,DCAF15,175.80249362299006,-2.0711889910614523,0.570741952116023,4.751091935204559e-6,0.0022212033524500628
LSvsNL,biopsy_area_wrist_vs_arm,BISPR,19.590546314673638,3.4946121109197774,0.996445306963031,4.356764458165133e-5,0.010801475277114557
LSvsNL,biopsy_area_wrist_vs_arm,FAM71E1,61.985121770215066,1.9122324566559628,0.49774314192732033,9.645656416615586e-6,0.00375790180821621
LSvsNL,biopsy_area_wrist_vs_arm,SNORA71B,9.082992263736648,3.503113352714526,0.8801891002654589,7.4854159916892955e-6,0.0032563952762123395
LSvsNL,biopsy_area_wrist_vs_arm,SIK1B,259.08042860984864,-1.665185049441274,0.6556262185069951,1.6155687823739468e-4,0.02618785658669063
LSvsNL,biopsy_area_wrist_vs_arm,OSBP2,133.7311591401203,-2.6287096950236997,0.7711858867910703,6.619215585967804e-6,0.003008617350921977
LSvsNL,biopsy_area_wrist_vs_arm,TNFRSF13C,80.25172247915262,-2.8512169285514015,0.7332952607536336,1.6188668655272901e-6,9.134316731249328e-4
LSvsNL,biopsy_area_wrist_vs_arm,RAP2C,430.0711962733201,-1.3012768617159556,0.3778441503503343,1.3774716996920358e-5,0.004695743629595996
